{
  "Ansi 6 Color" : {
    "Green Component" : 0.6588235294117647,
    "Red Component" : 0.2666666666666667,
    "Blue Component" : 0.7137254901960784
  },
  "Tags" : [

  ],
  "Ansi 12 Color" : {
    "Red Component" : 0.3593129022046924,
    "Color Space" : "sRGB",
    "Blue Component" : 0.83441162109375,
    "Alpha Component" : 1,
    "Green Component" : 0.6212912085294456
  },
  "Ansi 0 Color" : {
    "Green Component" : 0.3725490272045135,
    "Red Component" : 0.3450980484485626,
    "Blue Component" : 0.4274509847164154
  },
  "Normal Font" : "FiraCode-Regular 12",
  "Bold Color" : {
    "Green Component" : 0.8980392156862745,
    "Red Component" : 0.9019607843137255,
    "Blue Component" : 1
  },
  "Horizontal Spacing" : 1,
  "Ansi 2 Color" : {
    "Red Component" : 0.1726416051387787,
    "Color Space" : "sRGB",
    "Blue Component" : 0.3575234509853544,
    "Alpha Component" : 1,
    "Green Component" : 0.4873046875
  },
  "Ansi 5 Color" : {
    "Green Component" : 0.3176470588235294,
    "Red Component" : 0.8352941176470589,
    "Blue Component" : 0.09803921568627451
  },
  "Rows" : 25,
  "Default Bookmark" : "No",
  "Cursor Guide Color" : {
    "Red Component" : 0.7021318674087524,
    "Color Space" : "sRGB",
    "Blue Component" : 1,
    "Alpha Component" : 0.25,
    "Green Component" : 0.9268307089805603
  },
  "Non-ASCII Anti Aliased" : true,
  "Use Bright Bold" : true,
  "Ansi 10 Color" : {
    "Green Component" : 0.7272773385047913,
    "Red Component" : 0.354786217212677,
    "Blue Component" : 0.4674635529518127
  },
  "Ambiguous Double Width" : false,
  "Jobs to Ignore" : [
    "rlogin",
    "ssh",
    "slogin",
    "telnet"
  ],
  "Ansi 15 Color" : {
    "Green Component" : 0.8980392156862745,
    "Red Component" : 0.9019607843137255,
    "Blue Component" : 1
  },
  "Foreground Color" : {
    "Green Component" : 0.6352941176470588,
    "Red Component" : 0.6078431372549019,
    "Blue Component" : 0.6980392156862745
  },
  "Working Directory" : "\/Users\/chase.conklin",
  "Blinking Cursor" : false,
  "Disable Window Resizing" : true,
  "Sync Title" : false,
  "Prompt Before Closing 2" : false,
  "BM Growl" : true,
  "Command" : "",
  "Description" : "Default",
  "Mouse Reporting" : true,
  "Screen" : -1,
  "Selection Color" : {
    "Green Component" : 0.2113519012928009,
    "Red Component" : 0.1829174607992172,
    "Blue Component" : 0.2425642609596252
  },
  "Columns" : 80,
  "Idle Code" : 0,
  "Ansi 13 Color" : {
    "Green Component" : 0.3176470588235294,
    "Red Component" : 0.8352941176470589,
    "Blue Component" : 0.09803921568627451
  },
  "Custom Command" : "No",
  "ASCII Anti Aliased" : true,
  "Non Ascii Font" : "FiraCode-Regular 12",
  "Vertical Spacing" : 1,
  "Use Bold Font" : true,
  "Option Key Sends" : 0,
  "Selected Text Color" : {
    "Green Component" : 0.5623199343681335,
    "Red Component" : 0.4896197021007538,
    "Blue Component" : 0.6419776678085327
  },
  "Background Color" : {
    "Green Component" : 0.1254901960784314,
    "Red Component" : 0.1176470588235294,
    "Blue Component" : 0.1529411764705882
  },
  "Character Encoding" : 4,
  "Ansi 11 Color" : {
    "Green Component" : 0.7098039215686275,
    "Red Component" : 0.8745098039215686,
    "Blue Component" : 0.3882352941176471
  },
  "Non-ASCII Ligatures" : true,
  "Use Italic Font" : true,
  "Unlimited Scrollback" : false,
  "Keyboard Map" : {
    "0xf700-0x260000" : {
      "Action" : 10,
      "Text" : "[1;6A"
    },
    "0x37-0x40000" : {
      "Action" : 11,
      "Text" : "0x1f"
    },
    "0x32-0x40000" : {
      "Action" : 11,
      "Text" : "0x00"
    },
    "0xf709-0x20000" : {
      "Action" : 10,
      "Text" : "[17;2~"
    },
    "0xf70c-0x20000" : {
      "Action" : 10,
      "Text" : "[20;2~"
    },
    "0xf729-0x20000" : {
      "Action" : 10,
      "Text" : "[1;2H"
    },
    "0xf72b-0x40000" : {
      "Action" : 10,
      "Text" : "[1;5F"
    },
    "0xf705-0x20000" : {
      "Action" : 10,
      "Text" : "[1;2Q"
    },
    "0xf703-0x260000" : {
      "Action" : 10,
      "Text" : "[1;6C"
    },
    "0xf700-0x220000" : {
      "Action" : 10,
      "Text" : "[1;2A"
    },
    "0xf701-0x280000" : {
      "Action" : 11,
      "Text" : "0x1b 0x1b 0x5b 0x42"
    },
    "0x38-0x40000" : {
      "Action" : 11,
      "Text" : "0x7f"
    },
    "0x33-0x40000" : {
      "Action" : 11,
      "Text" : "0x1b"
    },
    "0xf703-0x220000" : {
      "Action" : 10,
      "Text" : "[1;2C"
    },
    "0xf701-0x240000" : {
      "Action" : 10,
      "Text" : "[1;5B"
    },
    "0xf70d-0x20000" : {
      "Action" : 10,
      "Text" : "[21;2~"
    },
    "0xf702-0x260000" : {
      "Action" : 10,
      "Text" : "[1;6D"
    },
    "0xf729-0x40000" : {
      "Action" : 10,
      "Text" : "[1;5H"
    },
    "0xf706-0x20000" : {
      "Action" : 10,
      "Text" : "[1;2R"
    },
    "0x34-0x40000" : {
      "Action" : 11,
      "Text" : "0x1c"
    },
    "0xf700-0x280000" : {
      "Action" : 11,
      "Text" : "0x1b 0x1b 0x5b 0x41"
    },
    "0x2d-0x40000" : {
      "Action" : 11,
      "Text" : "0x1f"
    },
    "0xf70e-0x20000" : {
      "Action" : 10,
      "Text" : "[23;2~"
    },
    "0xf702-0x220000" : {
      "Action" : 10,
      "Text" : "[1;2D"
    },
    "0xf703-0x280000" : {
      "Action" : 11,
      "Text" : "0x1b 0x1b 0x5b 0x43"
    },
    "0xf700-0x240000" : {
      "Action" : 10,
      "Text" : "[1;5A"
    },
    "0xf707-0x20000" : {
      "Action" : 10,
      "Text" : "[1;2S"
    },
    "0xf70a-0x20000" : {
      "Action" : 10,
      "Text" : "[18;2~"
    },
    "0x35-0x40000" : {
      "Action" : 11,
      "Text" : "0x1d"
    },
    "0xf70f-0x20000" : {
      "Action" : 10,
      "Text" : "[24;2~"
    },
    "0xf703-0x240000" : {
      "Action" : 10,
      "Text" : "[1;5C"
    },
    "0xf701-0x260000" : {
      "Action" : 10,
      "Text" : "[1;6B"
    },
    "0xf702-0x280000" : {
      "Action" : 11,
      "Text" : "0x1b 0x1b 0x5b 0x44"
    },
    "0xf72b-0x20000" : {
      "Action" : 10,
      "Text" : "[1;2F"
    },
    "0x36-0x40000" : {
      "Action" : 11,
      "Text" : "0x1e"
    },
    "0xf708-0x20000" : {
      "Action" : 10,
      "Text" : "[15;2~"
    },
    "0xf701-0x220000" : {
      "Action" : 10,
      "Text" : "[1;2B"
    },
    "0xf70b-0x20000" : {
      "Action" : 10,
      "Text" : "[19;2~"
    },
    "0xf702-0x240000" : {
      "Action" : 10,
      "Text" : "[1;5D"
    },
    "0xf704-0x20000" : {
      "Action" : 10,
      "Text" : "[1;2P"
    }
  },
  "Window Type" : 0,
  "Background Image Location" : "",
  "Blur" : false,
  "Badge Color" : {
    "Red Component" : 1,
    "Color Space" : "sRGB",
    "Blue Component" : 0,
    "Alpha Component" : 0.5,
    "Green Component" : 0.1491314172744751
  },
  "Scrollback Lines" : 1000,
  "Send Code When Idle" : false,
  "Close Sessions On End" : true,
  "Terminal Type" : "xterm-256color",
  "Visual Bell" : true,
  "Flashing Bell" : false,
  "Silence Bell" : false,
  "Ansi 14 Color" : {
    "Red Component" : 0.3627553917467594,
    "Color Space" : "sRGB",
    "Blue Component" : 0.744598388671875,
    "Alpha Component" : 1,
    "Green Component" : 0.700297440859086
  },
  "ASCII Ligatures" : true,
  "Name" : "Chase Conklin",
  "Cursor Text Color" : {
    "Green Component" : 0.7714409232139587,
    "Red Component" : 0.7696096301078796,
    "Blue Component" : 0.7099304795265198
  },
  "Minimum Contrast" : 0.1475275213068182,
  "Shortcut" : "",
  "Cursor Color" : {
    "Green Component" : 0.9667491912841797,
    "Red Component" : 0.9655450582504272,
    "Blue Component" : 0.9264779686927795
  },
  "Transparency" : 0,
  "Guid" : "16CF4800-E9B4-4A0C-89E9-76D27D411B36",
  "Ansi 1 Color" : {
    "Green Component" : 0.3254901960784314,
    "Red Component" : 0.8509803921568627,
    "Blue Component" : 0.3764705882352941
  },
  "Custom Directory" : "No",
  "Ansi 4 Color" : {
    "Red Component" : 0.3019875595346093,
    "Color Space" : "sRGB",
    "Blue Component" : 0.657379150390625,